Name,Surname,e-mail,Workshop
Alyssa,Robinson,alyssa.robinson@gmail.com,1
Ella,Campbell,ella.campbell@gmail.com,1
Skylar,Thomas,skylar.thomas@gmail.com,2
Zoe,Parker,zoe.parker@aol.com,2
Kaylee,Perry,kaylee.perry@gmail.com,2
Ava,Hawkins,ava.hawkins@aol.com,2
Noah,Mills,noah.mills@gmail.com,2
Madelyn,Dixon,madelyn.dixon@gmail.com,2
Jasmine,Fisher,jasmine.fisher@lycos.com,2
Khloe,Lopez,khloe.lopez@aol.com,2
Lucas,Roberts,lucas.roberts@yahoo.com,2
Liam,Rice,liam.rice@lycos.com,2
Jasmine,Murray,jasmine.murray@aol.com,2
Ryder,Jackson,ryder.jackson@yahoo.com,2
Hunter,Simmons,hunter.simmons@lycos.com,2
Kayden,Stephens,kayden.stephens@hotmail.com,2
Noah,Peterson,noah.peterson@hotmail.com,2
Jordan,Knight,jordan.knight@gmail.com,2
Alexander,Stone,alexander.stone@gmail.com,2
Alyssa,White,alyssa.white@aol.com,2
Liam,Mills,liam.mills@yahoo.com,2
